id,name,image_icon,type,cost,cooldown,power,target,status_effects,notes
ability_ember_needle,Ember Needle,images/ember_needle_icon.png,projectile,0,0.45,8,nearest_enemy,burn_3dps_2s,Starter for Mira
ability_gear_chakram,Gear Chakram,images/gear_chakram_icon.png,orbit,0,1.20,10,orbit_area,pierce_4,Starter for Bram
ability_second_hand,Second Hand,images/second_hand_icon.png,beam,0,1.50,6,nearest_enemy,slow_20pct,Starter for Sable
ability_briar_pike,Briar Pike,images/briar_pike_icon.png,area,0,1.10,14,near_enemy,root_0p3s,Starter for Orrin
ability_quill_burst,Quill Burst,images/quill_burst_icon.png,projectile_fan,0,0.80,6,forward_arc,none,Starter for Nix
ability_prism_shard,Prism Shard,images/prism_shard_icon.png,projectile,0,0.70,9,nearest_enemy,bounce_2,Starter for Jun
ability_grave_bell,Grave Bell,images/grave_bell_icon.png,area,0,2.20,18,self_radius,knockback,Close range safety
ability_widow_spark,Widow Spark,images/widow_spark_icon.png,chain,0,1.60,11,chain_targets,chain_5,Anti swarm burst
ability_cinder_wheel,Cinder Wheel,images/cinder_wheel_icon.png,area,0,3.00,20,self_radius,burn_3dps_2s,Burn area clear
